{
  "model": "weighted_bagging",
  "模型": "物理权重 + CV-Bagging",
  "Accuracy": 0.80554,
  "Precision": 0.6662788840986337,
  "Recall": 0.8584570168993387,
  "F1": 0.7502568581115792,
  "ROC-AUC": 0.9025369365135358,
  "AMS@0.5": 2.4581013835542698,
  "AMS(best)": 3.7063383417162052,
  "best_thr": 0.95,
  "private_ams": 3.693025922734375
}