方案,ROC-AUC,AMS(best),best_thr
A 全量模型,0.9118684670873984,3.549317297462884,0.82
B 分组专家模型,0.9104565362327757,3.5089559231638376,0.84
