{
  "approach_A": {
    "auc": 0.9118684670873984,
    "ams_best": 3.549317297462884,
    "threshold": 0.82
  },
  "approach_B": {
    "auc": 0.9104565362327757,
    "ams_best": 3.5089559231638376,
    "threshold": 0.84
  },
  "ams_gain": -0.04036137429904629,
  "auc_gain": -0.0014119308546227671
}