seed,roc_auc,ams_best
42,0.9118684670873984,3.549317297462884
2025,0.9119432786727322,3.57311832604968
3407,0.9118450992975707,3.5598663554568115
114514,0.9118877035503452,3.5323427895875517
