{
  "best_params": {
    "colsample_bytree": 0.7323592099410596,
    "learning_rate": 0.0284,
    "max_depth": 9,
    "min_child_weight": 8,
    "n_estimators": 592,
    "reg_lambda": 3.64803089169032,
    "subsample": 0.8550229885420852
  },
  "cv5_roc_auc_mean": 0.9127060537070906,
  "cv5_roc_auc_std": 0.0008985367390245284,
  "public_roc_auc": 0.9119951982345861,
  "public_ams_best": 3.5260602951103692,
  "public_best_threshold": 0.84,
  "randomized_best_score": 0.9121221566929177,
  "grid_best_score": 0.9127060537070906
}